,0
0,sampp
1,bohone
2,investingcom
3,preçoalvo
4,valorizouse
5,valorizavase
6,nysems
7,presidenteexecutivo
8,usdbrl
9,eurbrl
10,demrj
11,hcommcor
12,recuperandose
13,présal
14,spaulo
15,economistachefe
16,políticoeleitoral
17,jampf
18,bmampfbovespa
19,bvsp
20,euachina
21,valorizandose
22,lyondellbasell
23,yduqs
24,précandidato
25,suzaki
26,desvalorizouse
27,ifnc
28,presidênciaexecutiva
29,ibcbr
30,pavini
31,sóciofundador
32,demap
33,textobase
34,mnuchin
35,psdbsp
36,bredda
37,procuradoriageral
38,nysepags
39,nasdaqamzn
40,desvalorizavase
41,valorizaramse
42,nasdaqaapl
43,refinitiv
44,kraiser
45,ajustandose
46,indech
47,barrisdia
48,amazoncom
49,exdiretor
50,cogna
51,diretorpresidente
52,firmandose
53,psdbmg
54,portosseguros
55,equalweight
56,firmarse
57,nasdaqgoogl
58,précandidatos
59,preçosalvos
60,analistachefe
61,firmouse
62,estrategistachefe
63,selloff
64,nysepbr
65,afastandose
66,mesnik
67,prépagamento
68,secretariageral
69,exgovernador
70,nasdaqfb
71,nysetwtr
72,econômicofinanceira
73,valorizavamse
74,apreciavase
75,controladoriageral
76,preçosalvo
77,cemigd
78,ppsba
79,pmdbrr
80,exbanks
81,pmdbrj
82,riscopaís
83,superintendênciageral
84,abicom
85,ministrochefe
86,políticoeconômico
87,bmampf
88,cafédamanhã
89,nysenets
90,brby
91,nyselyb
92,advocaciageral
93,lonbarc
94,exexecutivos
95,micronegócios
96,firmavase
97,mienei
98,dealvg
99,líquidaebitda
100,razaqzada
101,vicepremiê
102,pslsp
103,laatus
104,undeperform
105,lighthizer
106,tirálo
107,preçojusto
108,prómercado
109,exsenadora
110,pslrj
111,vicelíder
112,safrapay
113,exkroton
114,refinitv
115,pppb
116,pslpr
117,sinoamericana
118,riscoretorno
119,cntmda
120,centroesquerda
121,somouse
122,gestorchefe
123,underperfom
124,valorizarse
125,prbsp
126,bebianno
127,exprefeito
128,pmdbms
129,eampp
130,póspagas
131,elerian
132,arbetman
133,chinaeua
134,ibovepa
135,racheter
136,viceministro
137,adtalem
138,apreciouse
139,pslmg
140,biotoscana
141,icva
142,firmase
143,pedidopara
144,asiáticoholandês
145,petroleia
146,viceprimeiroministro
147,preçosmercado
148,mickelberg
149,wealt
150,diretorapresidente
151,funcesp
152,iabrudi
153,meiooeste
154,demrs
155,próreformas
156,centrodireita
157,agostosetembro
158,apreciaramse
159,cepram
160,terçafera
161,nãorecorrentes
162,edpls
163,colocandoa
164,paebm
165,followon
166,excluindose
167,solidariedadesp
168,socic
169,itapu
170,lyondellbasel
171,engiepa
172,pasogn
173,herrlin
174,breitener
175,nyseeem
176,caixinmarkit
177,dommo
178,pctual
179,prioux
180,desmartis
181,expolicial
182,dxy
183,maiademrj
184,alcolumbredemap
185,rumoall
186,quartasdefinal
187,sinoamericano
188,sócioanalista
189,exlíder
190,lofiego
191,exprocuradorgeral
192,lnvestors
193,itabiruçu
194,múltiplosainda
195,dilmatemer
196,adézio
197,liquidaçao
198,ptbrj
199,preçomédio
200,wanzhou
201,antipt
202,ufniii
203,ltpgbvspgt
204,ltplbvspgt
205,precificadas
206,edpenergias
207,alinhandose
208,carrochefe
209,segurodesemprego
210,brafer
211,exestácio
212,erlam
213,lightzier
214,voiseys
215,reúnemse
216,pactualfsb
217,pmdbce
218,igtc
219,diretorgeral
220,ozenda
221,portosseguro
222,clarida
223,distanciandose
224,hikvision
225,exbc
226,antisubsídios
227,iochpemaxion
228,forçatarefa
229,jânyo
230,próforma
231,balcao
232,correçãobovespa
233,cautelaporém
234,pabnpp
235,afacs
236,igualandose
237,prépagou
238,sobeedesce
239,terçafeiras
240,sulcoreano
241,kopsi
242,tainkor
243,nãoagrícolas
244,aumentouse
245,euaméxico
246,cniibope
247,mptrj
248,exassessor
249,negativopetrobras
250,pbra
251,macroestrategista
252,ncmc
253,póspagos
254,prépagos
255,somamse
256,ejets
257,fortalecimendo
258,sobrepondose
259,terçaferia
260,exexecutivo
261,maiamesmo
262,próreforma
263,vicepresidência
264,fontanesi
265,valemas
266,riosão
267,repercusssão
268,interessanda
269,econômicaante
270,acréscimoo
271,pósbrexit
272,projetase
273,especulase
274,quórom
275,portoseguros
276,nysefdx
277,safaniyah
278,pslgo
279,centrooeste
280,ixic
281,acéscimo
282,comercialimigratória
283,músicacanja
284,conversavas
285,aligada
286,shorteada
287,convidálos
288,spaula
289,decepcionaste
290,alteção
291,nyseeemdos
292,csna
293,pnbb
294,mdias
295,investhb
296,ferroníquel
297,públicoprivadas
298,pevidência
299,investsingcom
300,frentee
301,ebitnielsen
302,oficalizarem
303,mideradora
304,reuterspaulo
305,ajustavamse
306,nysevale
307,nysebbdo
308,nyseitub
309,eldoroado
310,taxaalvo
311,fatoreschave
312,rádiotv
313,instutiçoes
314,alflaih
315,acreditase
316,euaunião
317,eletobras
318,correçãoibovespa
319,estalecido
320,samppasx
321,freefloat
322,respectivamenteas
323,índics
324,locamérica
325,enauta
326,monopólica
327,midlarge
328,pmdbal
329,pmdbpr
330,ouperform
331,privatição
332,underpeform
333,vicelíderes
334,nysenetssubiram
335,reutersueslei
336,destravase
337,prask
338,axsrx
339,quickfood
340,derisking
341,descolandose
342,neonergia
343,desvestimento
344,vaievém
345,inalterar
346,ponderda
347,binance
348,nysejnj
349,mdbrj
350,afastavase
351,aprovála
352,maginitude
353,multaindenização
354,angloaustraliana
355,liberandoas
356,prémarcado
357,bolssa
358,précrise
359,positivocom
360,brdistribuidora
361,exhrt
362,tatianaramilthomsonreuterscom
363,tatianaramilthomsonreuterscomreutersnet
364,oestenoroeste
365,petroquímia
366,alfalih
367,cruzabr
368,cheniere
369,kablin
370,maruichi
371,somase
372,npags
373,prótemer
374,bombarelógio
375,fawad
376,forexcom
377,psdsp
378,boradcast
379,pampg
380,dissipase
381,secretárioexecutivo
382,psdbpe
383,médiolongo
384,overhangs
385,leniências
386,petrotemex
387,psuape
388,citepe
389,navp
390,psdbce
391,shalett
392,washingtonpequim
393,cideimportação
394,paorep
395,ltmxngt
396,ltzargt
397,euairã
398,adquirências
399,considerála
400,volatilidadenego
401,tornálos
402,caixinmarket
403,efeitochina
404,bilhõesus
405,yucheng
406,otunuga
407,fxtm
408,desacelerariam
409,quintafeiras
410,reuterssergio
411,siderúrgigas
412,sinoamericanas
413,jeanclaude
414,mptmg
415,visabilidade
416,recuperaramse
417,brasiileiro
418,blackfriday
419,lwart
420,lwarcel
421,amplificasse
422,azeitamento
423,investiores
424,privatiação
425,desalorizavase
426,mcitx
427,lockup
428,mantêla
429,precificam
430,nãoopep
431,petrobrascnodccnooc
432,globalo
433,imediatopor
434,guaido
435,naçãoa
436,venezuelaé
437,nxgn
438,ncportanto
439,volatilidadeos
440,amanhãna
441,barrisos
442,barrisa
443,descarou
444,kapitalo
445,clarasmacacos
446,secretáriaexecutiva
447,blindava
448,agregarmos
449,relativamennte
450,mdbpe
451,bolsonaristas
452,hwtul
453,chinha
454,descolouse
455,iboespa
456,quartafeiras
457,intradays
458,préeleitoral
459,softbox
460,psdbes
461,foex
462,wallachbeth
463,capitalcontinue
464,cointelegraph
465,nyseuber
466,banila
467,jongun
468,reduzilos
469,apaziguartrump
470,ajudálo
471,desvalorizavamse
472,tornamonos
473,contolador
474,ecoômica
475,gridsobre
476,leiloe
477,guaidó
478,pernomian
479,clinipam
480,qtde
481,poampgbv
482,evebitda
483,esperavase
484,retomanda
485,mdbrr
486,milberg
487,sffert
488,gapen
489,brexitorçamento
490,sxpp
491,prestaçao
492,nysenysepags
493,subcredenciadora
494,lonlonulvr
495,nysepins
496,nasdaqnasdaqlyft
497,nysenyseuber
498,concentrandose
499,antiretorno
500,póssal
501,alassad
502,nãooficial
503,sançoes
504,própetróleo
505,qindgao
506,mosica
507,arremataria
508,gardau
509,piscofins
510,paviv
511,marketperform
512,cantreva
513,infleunciando
514,líquidalajida
515,precificações
516,nasdaqmsft
517,oanda
518,prsp
519,viceliderança
520,commoditiy
521,imobiliarios
522,daltozo
523,igualase
524,stoploss
525,sóciogerente
526,retaliálo
527,emergentesamérica
528,impeachmentpetrobras
529,pagálas
530,invesintcom
531,centrao
532,rebalanceados
533,repricificação
534,vicepremier
535,portaaviões
536,rebar
537,expresidenteexecutivo
538,cemigdforam
539,areonaves
540,noticíário
541,deslistar
542,resolvêlas
543,dedesdobramentos
544,nyseadrs
545,patrobras
546,tensionamentos
547,recémlançado
548,próprivatização
549,bbdtvm
550,indx
551,propror
552,psdbspe
553,sbuiu
554,atems
555,riskoff
556,neutronegativo
557,almundo
558,magazina
559,alpek
560,listálos
561,proconsp
562,ceful
563,batataquente
564,desinibiu
565,onçatroy
566,pracownick
567,celuose
568,lulamas
569,hydalgo
570,intrader
571,positivamas
572,recémnomeado
573,vicechair
574,exifrs
575,dólaresboe
576,cenáriobase
577,pooderá
578,nyseavp
579,futurosrecuou
580,efetada
581,préferiado
582,eletropar
583,tullet
584,commoditieso
585,holandesaembraer
586,tornálo
587,previdênciária
588,têla
589,szse
590,pósmanifestações
591,fedpesa
592,aumentase
593,dólarreal
594,reexaminála
595,síriolibanês
596,levr
597,refleitndo
598,déjà
599,treasuriessegue
600,cargoschave
601,pascon
602,prédividendos
603,ptsp
604,pontosmas
605,protencionismo
606,sobretaxaram
607,nyseutx
608,prpr
609,pmdbpi
610,psddf
611,salaru
612,cobranded
613,nippol
614,ampp
615,familly
616,judando
617,estabolidade
618,potencializavam
619,nysexom
620,stox
621,nysecvx
622,prédefinido
623,exconselheiros
624,fraudariam
625,imob
626,verejista
627,investirdes
628,divulgaçãosuzano
629,projetoschave
630,reformasdevemos
631,chancelarem
632,políticoeleitorais
